{"cameraMode":{"drawMode":0,"name":"Shaded","section":"Shading Mode"},"sceneLighting":false,"audioPlay":false,"sceneViewState":{"showFog":true,"showMaterialUpdate":true,"showSkybox":false,"showFlares":true,"showImageEffects":true,"showParticleSystems":true},"in2DMode":false,"pivot":{"x":-0.22330749034881593,"y":-0.43782198429107668,"z":0.1838359832763672},"rotation":{"x":-0.15863744914531709,"y":0.003552410751581192,"z":-0.0005655520944856107,"w":-0.9873450994491577},"size":5.7157673835754398,"orthographic":false}