{"cameraMode":{"drawMode":0,"name":"Shaded","section":"Shading Mode"},"sceneLighting":false,"audioPlay":false,"sceneViewState":{"showFog":true,"showMaterialUpdate":true,"showSkybox":false,"showFlares":true,"showImageEffects":true,"showParticleSystems":true},"in2DMode":false,"pivot":{"x":0.01927242800593376,"y":-0.7937955856323242,"z":-0.19384393095970155},"rotation":{"x":-0.27999573945999148,"y":-0.0166576337069273,"z":0.005105726420879364,"w":-0.9599406719207764},"size":8.797374725341797,"orthographic":false}