{"cameraMode":{"drawMode":0,"name":"Shaded","section":"Shading Mode"},"sceneLighting":true,"audioPlay":false,"sceneViewState":{"showFog":true,"showMaterialUpdate":true,"showSkybox":true,"showFlares":true,"showImageEffects":true,"showParticleSystems":true},"in2DMode":false,"pivot":{"x":-0.5151790976524353,"y":-2.280855178833008,"z":12.335862159729004},"rotation":{"x":-0.21464850008487702,"y":0.0006176539463922381,"z":0.00010608848970150575,"w":-0.9767879843711853},"size":28.091819763183595,"orthographic":false}